id	positive_clear	relation_cf_clear_negative	visual_cf_clear_negative	reference_clear	grammar_natural	notes
psg_2350797_1						
psg_2374090_1						
psg_2323138_0						
psg_2360008_1						
psg_2326330_2						
psg_2379109_0						
psg_2391955_3						
psg_2399281_0						
psg_2404250_0						
psg_2376836_2						
psg_2382417_5						
psg_2388289_1						
psg_2319077_0						
psg_2376607_7						
psg_2343894_0						
psg_2351084_1						
psg_2390954_1						
psg_2409081_9						
psg_2345460_1						
psg_2338277_1						
psg_2343642_0						
psg_2331975_3						
psg_2390744_0						
psg_2352432_0						
psg_2398827_3						
psg_2350206_0						
psg_2333426_1						
psg_2345771_0						
psg_2371115_3						
psg_2408487_2						
psg_2317054_0						
psg_2406769_8						
psg_2334529_0						
psg_2388510_2						
psg_2367972_0						
psg_2416320_2						
psg_2348653_1						
psg_2339743_0						
psg_2344979_3						
psg_2342383_1						
psg_2351868_0						
psg_2393377_3						
psg_2388787_3						
psg_150436_8						
psg_2347290_1						
psg_2317687_1						
psg_2370228_2						
psg_2399999_6						
psg_2353113_6						
psg_2415186_1						
psg_2376622_0						
psg_2347106_3						
psg_2392190_0						
psg_2403996_0						
psg_2358431_1						
psg_2396749_2						
psg_1593213_1						
psg_2407402_5						
psg_1159434_4						
psg_2348158_2						
psg_2391707_0						
psg_2342580_2						
psg_2392925_7						
psg_713685_3						
psg_2365526_1						
psg_2398548_6						
psg_2340798_4						
psg_2365153_2						
psg_2370047_1						
psg_2353305_0						
psg_2404172_1						
psg_2342646_2						
psg_2315791_0						
psg_2369843_2						
psg_2333374_2						
psg_2397925_0						
psg_2367807_1						
psg_2358115_3						
psg_2327609_0						
psg_2399208_1						
psg_2332003_0						
psg_2404936_1						
psg_2378321_3						
psg_2353539_0						
psg_2370123_0						
psg_2405505_1						
psg_2387190_1						
psg_2352881_3						
psg_2347082_1						
psg_2332079_0						
psg_2339064_3						
psg_2354598_2						
psg_2333586_0						
psg_2360280_0						
psg_2406572_2						
psg_2377883_1						
psg_2385808_1						
psg_2362512_8						
psg_2397637_8						
psg_2366932_2						
